N10,cluster
AGAGTTCCGG,6
AGATTTCCGG,6
ATTCCATTGG,6
ATTCCGCTGG,6
TTTCCATTGG,6
AGAGTTCCGA,5
ATTCCATTGA,5
GGGCTTTTGA,5
TAGATTTTGA,5
TGAGTTCCGA,5
TGATTTCCGA,5
TTGATTTTGA,5
AAAAGTGATT,4
AAAATTGATT,4
AAAATTTGAC,4
AAAGTCCGTT,4
AAAGTTGATT,4
AAATTTGATT,4
AACATTGATT,4
AACATTTGAC,4
AACGTTGATT,4
AACGTTTGAC,4
AAGGTCCGTT,4
AAGGTTGATT,4
AAGTTCCGTT,4
AAGTTTGATT,4
AATATCGATT,4
AATATTTGAC,4
AATCTCGATT,4
AATCTTGATT,4
AATGTCCGTT,4
AATGTTGATT,4
AATGTTTGAC,4
AATTCCGATT,4
AATTCCTATT,4
AATTCCTGTT,4
AATTGTGATT,4
AATTTTGATT,4
ACCATTTGAC,4
AGAAGTTGAC,4
AGAATTCGAC,4
AGAATTTAAC,4
AGAATTTGAC,4
AGACTTCGAC,4
AGAGGTCCAC,4
AGAGGTTGAC,4
AGAGTTCCAT,4
AGAGTTCGAC,4
AGAGTTCTAC,4
AGAGTTTAAC,4
AGAGTTTGAC,4
AGATCTCGAC,4
AGATCTTGAC,4
AGATGTCGAC,4
AGATGTTGAC,4
AGATTGTGAC,4
AGATTTCGAC,4
AGATTTGATT,4
AGATTTTGAC,4
AGATTTTGAT,4
AGCATTTGAC,4
AGCGTTTGAC,4
AGCTCTCGAC,4
AGCTGTTGAC,4
AGGATTTGAC,4
AGGGTTCCAT,4
AGGGTTCGAC,4
AGGGTTGATT,4
AGGGTTTGAC,4
AGGTATTGAC,4
AGGTCTCGAC,4
AGGTGTTGAC,4
AGGTTCCGAC,4
AGGTTCCGTT,4
AGGTTCCTAC,4
AGGTTTCGAC,4
AGGTTTTGAC,4
AGTATTTGAC,4
AGTCTTCGAC,4
AGTGTTCGAC,4
AGTGTTTGAC,4
AGTTATCCAT,4
AGTTATTGAC,4
AGTTCCTATT,4
AGTTCTCGAC,4
AGTTGTCCAT,4
AGTTGTCGAC,4
AGTTGTTGAC,4
AGTTTGTGAC,4
AGTTTTTGAC,4
ATAATTGATT,4
ATAATTTGAC,4
ATAGTTGATT,4
ATATCCTATT,4
ATATTCCGTT,4
ATATTCGATT,4
ATATTTGATT,4
ATATTTTGAC,4
ATCATTGATT,4
ATCATTTGAC,4
ATCGTTCCAT,4
ATCGTTGATT,4
ATCGTTTGAC,4
ATCTCCGATT,4
ATCTCCTATT,4
ATCTCCTGTT,4
ATCTCTCGAC,4
ATCTGTCGAC,4
ATCTGTTGAC,4
ATCTTGTGAC,4
ATCTTTTGAC,4
ATGATCCGTT,4
ATGATTGATT,4
ATGGTTGATT,4
ATGTCCGATT,4
ATGTCCTATT,4
ATGTTCCGAC,4
ATGTTCCGTT,4
ATGTTCCTAC,4
ATGTTCGATT,4
ATGTTTGATT,4
ATGTTTTGAC,4
ATTAGTGATT,4
ATTATTGATT,4
ATTATTTGAC,4
ATTCCATATT,4
ATTCCATTTC,4
ATTCCATTTT,4
ATTCCCGATT,4
ATTCCCTATT,4
ATTCCGTGTT,4
ATTCCTGATT,4
ATTCGTTGAC,4
ATTCTTGATT,4
ATTCTTTGAC,4
ATTGATGATT,4
ATTGGTGATT,4
ATTGGTTGAC,4
ATTGTCCGTT,4
ATTGTCCTAC,4
ATTGTCGATT,4
ATTGTTGATT,4
ATTGTTTGAC,4
ATTTATGATT,4
ATTTCCAATT,4
ATTTCCCGAC,4
ATTTCCGATT,4
ATTTCCGTAC,4
ATTTCCTATT,4
ATTTCCTGTT,4
ATTTCCTTAC,4
ATTTCTGATT,4
ATTTGTGATT,4
ATTTTGGATT,4
CAAGTTGATT,4
CAATTCCGTT,4
CAATTTGATT,4
CAATTTTGAC,4
CACATTGATT,4
CACATTTGAC,4
CACGTCCGTT,4
CACGTTGATT,4
CACGTTTGAC,4
CACTCCTGTT,4
CACTGTTGAC,4
CAGGTTGATT,4
CAGTTTGATT,4
CATATTGATT,4
CATCGTGATT,4
CATCTTGATT,4
CATGTCCGTT,4
CATGTTGATT,4
CATGTTTGAC,4
CATTCCGATT,4
CATTCCTATT,4
CATTTGGATT,4
CATTTTGATT,4
CATTTTTGAC,4
CCAATTGATT,4
CCACTTGATT,4
CCAGTTGATT,4
CCATTTGAAT,4
CCATTTGATT,4
CCATTTTGAC,4
CCGATTTGAC,4
CCGGTCGATT,4
CCGGTTGATT,4
CCGGTTTGAC,4
CCGTTCGATT,4
CCGTTTGATT,4
CCGTTTTGAC,4
CCTAGTGATT,4
CCTCTCCGAC,4
CCTGGTGATT,4
CCTGTCCTAC,4
CCTGTTGATT,4
CCTGTTTGAC,4
CCTTGTGATT,4
CGAATTTGAC,4
CGAGTCCGTT,4
CGAGTTCGAC,4
CGAGTTGATT,4
CGAGTTTAAC,4
CGAGTTTGAC,4
CGATCTTGAC,4
CGATGTTGAC,4
CGATTTGATT,4
CGATTTTAAC,4
CGATTTTGAC,4
CGGATTTGAC,4
CGGGTTCCAT,4
CGGGTTCGAC,4
CGGGTTGATT,4
CGGGTTTGAC,4
CGGTTTTGAC,4
CGTATCCGTT,4
CGTATTTGAC,4
CGTGATTGAC,4
CGTGTTCGAC,4
CGTGTTGATT,4
CGTGTTTGAC,4
CGTTATTGAC,4
CGTTCCGATT,4
CGTTCCTATT,4
CGTTCCTGTT,4
CGTTGTCGAC,4
CGTTGTTGAC,4
CGTTTTTAAC,4
CGTTTTTGAC,4
CTAATTGATT,4
CTAATTTGAC,4
CTACGTGATT,4
CTACTTGATT,4
CTACTTTGAC,4
CTAGTCCGTT,4
CTAGTTGATT,4
CTAGTTTGAC,4
CTATCCTATT,4
CTATGTGATT,4
CTATGTTGAC,4
CTATTTGATT,4
CTATTTTGAC,4
CTCATCCGTT,4
CTCATTGATT,4
CTCATTTGAC,4
CTCCTTGATT,4
CTCGGTGATT,4
CTCGTCCGTT,4
CTCGTCCTAC,4
CTCGTTGATT,4
CTCGTTTGAC,4
CTCTCCGATT,4
CTCTCCTGAC,4
CTCTCGTGTT,4
CTCTGTGATT,4
CTCTGTTGAC,4
CTCTTTTGAC,4
CTGATTTGAC,4
CTGGGTGATT,4
CTGGGTTGAC,4
CTGGTCCGAC,4
CTGGTCCGTT,4
CTGGTTGATT,4
CTGGTTTGAC,4
CTGTCCGATT,4
CTGTCCTATT,4
CTGTCCTGTT,4
CTGTGTGATT,4
CTGTTCCGAC,4
CTGTTCCGTT,4
CTGTTGGATT,4
CTGTTTGATT,4
CTGTTTGGTT,4
CTGTTTTGAC,4
CTTAGTGATT,4
CTTCCCTATT,4
CTTCGTGATT,4
CTTCTTGATT,4
CTTGATGATT,4
CTTGCTGATT,4
CTTGGTGATT,4
CTTGTTGATT,4
CTTGTTTGAC,4
CTTTCCTGAC,4
CTTTCTTGAC,4
GAGGTTTGAC,4
GAGTTCCTAC,4
GCAATTGATT,4
GCACTCGATT,4
GCAGTTGATT,4
GCAGTTTGAC,4
GCATTTGATT,4
GCGGTTTGAC,4
GCGTTTGATT,4
GCGTTTTGAC,4
GCTGTTTGAC,4
GGAGTTTGAC,4
GGCATTTGAC,4
GGCGTTTGAC,4
GGCTGTTGAC,4
GGGATTTGAC,4
GGGGTTTGAC,4
GGGTTCCGAC,4
GGGTTCCTAC,4
GGTAGTTGAC,4
GGTCGTTGAC,4
GGTGGTTGAC,4
GGTGTTTGAC,4
GTGGTTTGAC,4
GTTAGTTGAC,4
GTTATTTGAC,4
GTTCGTTGAC,4
GTTGCTTGAC,4
GTTGGTTGAC,4
GTTGTTTGAC,4
TAAATCCGTT,4
TAAATTTGAC,4
TAAGTCCGTT,4
TAAGTTGATT,4
TAAGTTTGAC,4
TAATTTGATT,4
TAATTTTGAC,4
TACATTGATT,4
TACATTTGAC,4
TACGTCCGTT,4
TACGTTGATT,4
TACGTTTGAC,4
TACTGTTGAC,4
TACTTCCGAC,4
TACTTCGATT,4
TACTTGTGAC,4
TACTTTCGAC,4
TACTTTGATT,4
TAGATTCCAC,4
TAGATTTGAC,4
TAGGTTGATT,4
TAGTTCCGAC,4
TAGTTCCGTT,4
TAGTTCCTAC,4
TAGTTCGATT,4
TAGTTTGATT,4
TATATCCGTT,4
TATATTGATT,4
TATATTTGAC,4
TATCTCCGAC,4
TATCTCCGTT,4
TATCTCCTAC,4
TATCTCGATT,4
TATCTTGATT,4
TATGTCCGTT,4
TATGTTCCAC,4
TATGTTCCAT,4
TATGTTCGAC,4
TATGTTGATT,4
TATGTTTGAC,4
TATTCCGATT,4
TATTCCTATT,4
TATTCCTGTT,4
TATTCTGATT,4
TATTGTGATT,4
TATTTCCGAC,4
TATTTCCTAC,4
TATTTCGATT,4
TATTTGGATT,4
TATTTTGAAT,4
TATTTTGATT,4
TATTTTTGAC,4
TCACTCCGTT,4
TCACTTGATT,4
TCAGTCGATT,4
TCAGTTGATT,4
TCATCTGATT,4
TCATTCCGAC,4
TCATTTGATT,4
TCATTTGGTT,4
TCATTTTGAC,4
TCCATTTGAC,4
TCCGTTTGAC,4
TCGAGTGATT,4
TCGATTTGAC,4
TCGGGTGATT,4
TCGGTCGATT,4
TCGGTTGATT,4
TCGGTTTGAC,4
TCGTTCCGAC,4
TCGTTCCTAC,4
TCGTTCGATT,4
TCGTTTGATT,4
TCGTTTTGAC,4
TCTAGTTGAC,4
TCTATTTGAC,4
TCTCGTGATT,4
TCTCGTTGAC,4
TCTCTTTGAC,4
TCTGGTTGAC,4
TCTGTCCGAC,4
TCTGTCCTAC,4
TCTGTCGATT,4
TCTGTTAATT,4
TCTGTTGATT,4
TCTGTTTGAC,4
TCTTGTGATT,4
TGAATTCGAC,4
TGAATTTAAC,4
TGAATTTGAC,4
TGACTTCGAC,4
TGAGTTCCAT,4
TGAGTTCGAC,4
TGAGTTCTAC,4
TGAGTTGATT,4
TGAGTTTAAC,4
TGAGTTTGAC,4
TGATCTCCAC,4
TGATCTCGAC,4
TGATCTTGAC,4
TGATGTCCAC,4
TGATGTCGAC,4
TGATGTTGAC,4
TGATTCCGTT,4
TGATTCCTAC,4
TGATTGTGAC,4
TGATTTCGAC,4
TGATTTCTAC,4
TGATTTGATT,4
TGATTTTAAC,4
TGATTTTGAC,4
TGCATTTGAC,4
TGCGTTTGAC,4
TGCTGTTGAC,4
TGGATTCCAC,4
TGGATTGATT,4
TGGATTTGAC,4
TGGGTTCCAT,4
TGGGTTCGAC,4
TGGGTTGATT,4
TGGGTTTGAC,4
TGGTGTCCAT,4
TGGTGTTGAC,4
TGGTTCCGAC,4
TGGTTCCTAC,4
TGGTTCGATT,4
TGGTTTCGAC,4
TGGTTTGATT,4
TGGTTTTGAC,4
TGTATTTGAC,4
TGTGTTCCAT,4
TGTGTTCGAC,4
TGTGTTGATT,4
TGTTCCGATT,4
TGTTCCTATT,4
TGTTCTCGAC,4
TGTTGTCCAT,4
TGTTGTCGAC,4
TGTTGTTGAC,4
TGTTTCCGAC,4
TGTTTCCTAC,4
TGTTTCGATT,4
TGTTTGTGAC,4
TGTTTTTGAC,4
TTAATTCCAC,4
TTAATTGATT,4
TTAATTTGAC,4
TTAGTCCGTT,4
TTAGTTCCAT,4
TTAGTTGATT,4
TTAGTTTGAC,4
TTATTCCGTT,4
TTATTTGATT,4
TTATTTTGAC,4
TTCATTCGAC,4
TTCATTGATT,4
TTCATTTGAC,4
TTCGTTCCAC,4
TTCGTTCCAT,4
TTCGTTCGAC,4
TTCGTTGATT,4
TTCGTTTGAC,4
TTCTATTGAC,4
TTCTCCTATT,4
TTCTCTCGAC,4
TTCTCTTGAC,4
TTCTGTCGAC,4
TTCTGTTGAC,4
TTCTTGTGAC,4
TTCTTTCGAC,4
TTGATTCCAC,4
TTGATTGATT,4
TTGGTTCCAT,4
TTGGTTGATT,4
TTGGTTTGAC,4
TTGTCCTATT,4
TTGTTCCAAT,4
TTGTTCCGAC,4
TTGTTCCGTT,4
TTGTTCCTAC,4
TTGTTCGATT,4
TTGTTTGATT,4
TTTAGTCCAC,4
TTTAGTGATT,4
TTTATTGATT,4
TTTATTTGAC,4
TTTCCATATT,4
TTTCCATTTC,4
TTTCCCGATT,4
TTTCCCTATT,4
TTTCCCTGTT,4
TTTCCTGATT,4
TTTCCTTATT,4
TTTCGTTGAC,4
TTTCTTGATT,4
TTTCTTTGAC,4
TTTGATTGAC,4
TTTGGTGATT,4
TTTGGTTGAC,4
TTTGTCGATT,4
TTTGTTCCAC,4
TTTGTTCGAC,4
TTTGTTGATT,4
TTTGTTTGAC,4
TTTTATGATT,4
TTTTCCGATT,4
TTTTCCTATT,4
TTTTCCTGTT,4
TTTTGTGATT,4
TTTTTGGATT,4
TTTTTTGATT,4
AAACCTCCGC,3
AAACTCCGGT,3
AAAGGTCCGC,3
AAAGTTCCGC,3
AAATTTGAGT,3
AACACTCCGC,3
AACATTCCGC,3
AACGGTCCGC,3
AACGTTCCGC,3
AACTGTCCGC,3
AAGATTCCGC,3
AAGGGTCCGC,3
AAGGTTCCGC,3
AAGTGTCCGC,3
AAGTTCCGGT,3
AAGTTTCCGC,3
AATATTCCGC,3
AATGTCCGGT,3
AATGTTCCGC,3
AGAAGTCCGC,3
AGAATTCCGC,3
AGAATTCCGT,3
AGACCTCCGC,3
AGACTTCCGC,3
AGAGATCCGC,3
AGAGGTCCGC,3
AGAGTTCCGC,3
AGAGTTCCGT,3
AGAGTTCGGC,3
AGAGTTTAGC,3
AGAGTTTCGC,3
AGAGTTTGGC,3
AGATATCCGC,3
AGATCTCCGC,3
AGATGTCCGC,3
AGATTTCTGC,3
AGATTTTGGC,3
AGCATTTGGC,3
AGGATTCCGC,3
AGGGTTCCGC,3
AGGGTTCCGT,3
AGGTGTCCGC,3
AGTAGTCCGC,3
AGTATTCCGC,3
AGTGATCCGC,3
AGTGTTCCGC,3
AGTTATCCGC,3
AGTTGTCCGC,3
AGTTGTCCGT,3
AGTTTTTGGC,3
ATAATTCCGC,3
ATACTTCCGC,3
ATAGTTCCGC,3
ATCATTCCGC,3
ATCCGTCCGC,3
ATCGGTCCGC,3
ATCGTTCCGC,3
ATGATTCCGC,3
ATGGTTCCGC,3
ATGTTCCGGT,3
ATGTTCCTGC,3
ATGTTTCCGC,3
ATTAGTCCGC,3
ATTATTCCGC,3
ATTCATCCGC,3
ATTCCTCCGC,3
ATTCGTCCGC,3
ATTCTTCCGC,3
ATTGGTCCGC,3
ATTGTTCCGC,3
ATTGTTGAGT,3
ATTTCCGTGC,3
ATTTCCTGGC,3
ATTTCCTGGT,3
CAACTTCCGC,3
CAAGTTCCGC,3
CACATTCCGC,3
CACGTCCGGT,3
CACGTTCCGC,3
CACTGTCCGC,3
CAGATTCCGC,3
CAGGTTCCGC,3
CAGTTTCCGC,3
CATATTCCGC,3
CATCTCCGGT,3
CATGTCCGGT,3
CATGTTCCGC,3
CCAGGTCCGC,3
CCAGTTCCGC,3
CCCGTTCCGC,3
CCGATTCCGC,3
CCGGTTCCGC,3
CCTGGTCCGC,3
CCTGTTCCGC,3
CGAATTCCGC,3
CGACTTCCGC,3
CGAGATCCGC,3
CGAGTTCCGC,3
CGAGTTTGGC,3
CGATGTCCGC,3
CGCATTTGGC,3
CGGATTCCGC,3
CGGGTTCCGC,3
CGGTGTCCGC,3
CGTATTCCGC,3
CGTGATCCGC,3
CGTGTTCCGC,3
CGTTGTCCGC,3
CTAATTCCGC,3
CTACTTCCGC,3
CTAGGTCCGC,3
CTAGTTCCGC,3
CTCATTCCGC,3
CTCGTCCGGT,3
CTCGTTCCGC,3
CTGGTCCGGT,3
CTGGTTCCGC,3
CTGTCCTAGT,3
CTGTGTCCGC,3
CTGTTTCCGC,3
CTGTTTGAGT,3
CTTTCCGTGC,3
CTTTCCTGGC,3
CTTTCCTTGC,3
CTTTTATGGC,3
GACTGTCCGC,3
GAGTTCCGGC,3
GAGTTCCTGC,3
GCCATTCCGC,3
GGGTTCCGGC,3
GGGTTCCTGC,3
GTTCGTCCGC,3
GTTGTTGAGT,3
TAAACTCCGC,3
TAAATTCCGC,3
TAAGGTCCGC,3
TAAGTTCCGC,3
TAATTTCCGC,3
TAATTTGAGT,3
TACACTCCGC,3
TACATTCCGC,3
TACGTTCCGC,3
TACTATCCGC,3
TACTGTCCGC,3
TACTTCCGGT,3
TACTTTCCGC,3
TAGATTCCGC,3
TAGGTCCGGT,3
TAGGTTCCGC,3
TAGTGTCCGC,3
TAGTTCCGGT,3
TAGTTCCTGC,3
TAGTTTCCGC,3
TATATCCGGT,3
TATATTCCGC,3
TATCCTCCGC,3
TATCGTCCGC,3
TATCTCCGGT,3
TATGTCCGGT,3
TATGTTCCGC,3
TATTGTCCGC,3
TATTTCCTGC,3
TATTTTGAGT,3
TCACTTCCGC,3
TCAGTCCGGT,3
TCAGTTCCGC,3
TCATTCCGGT,3
TCCATTCCGC,3
TCCGTTCCGC,3
TCGAATCCGC,3
TCGGGTCCGC,3
TCGGTCCGGT,3
TCGGTTCCGC,3
TCGTTCCGGC,3
TCTCGTCCGC,3
TCTGGTCCGC,3
TCTGTTCCGC,3
TCTGTTGAGT,3
TGAAGTCCGC,3
TGAATTCCGC,3
TGAATTTGGC,3
TGACTTCCGC,3
TGAGATCCGC,3
TGAGGTCCGC,3
TGAGTCCGGT,3
TGAGTTCCGC,3
TGAGTTCCGT,3
TGATCTCCGC,3
TGATGTCCGC,3
TGATTCCGGT,3
TGATTTCGGC,3
TGATTTTGGC,3
TGGATTCCGC,3
TGGGTTCCGC,3
TGGGTTCCGT,3
TGGTCTCCGC,3
TGGTGTCCGC,3
TGTAGTCCGC,3
TGTATTCCGC,3
TGTGATCCGC,3
TGTGTTCCGC,3
TGTTATCCGC,3
TGTTGTCCGC,3
TGTTGTCCGT,3
TTAATTCCGC,3
TTACTTCCGC,3
TTAGTTCCGC,3
TTATTTCCGC,3
TTATTTGAGT,3
TTCATTCCGC,3
TTCGTCCGGT,3
TTCGTTCCGC,3
TTCTGTCCGC,3
TTCTTTTGGC,3
TTGATTCCGC,3
TTGGTTCCGC,3
TTGTTCCGGT,3
TTGTTTCCGC,3
TTTAATCCGC,3
TTTAGTCCGC,3
TTTATTCCGC,3
TTTATTGAGT,3
TTTCCTCCGC,3
TTTCGTCCGC,3
TTTCTTCCGC,3
TTTGGTCCGC,3
TTTGTCCGGT,3
TTTGTTCCGC,3
TTTGTTGAGT,3
AAAGATTTTG,2
AAAGCTTTTG,2
AAAGGTTTTG,2
AAAGTTTTTG,2
AAGATTTCCG,2
AAGCATTCCG,2
AAGTATTTTG,2
AAGTGTTTTG,2
ACAGTTTTTG,2
ACGGCTTTTG,2
AGAAGTCCAG,2
AGAATTCCAG,2
AGACTTCCAG,2
AGAGATTTTG,2
AGAGCTTTTG,2
AGAGGTCCAG,2
AGAGGTTTTG,2
AGAGTTCCAG,2
AGAGTTTTTG,2
AGATGTCCAG,2
AGATTTCCAG,2
AGGGTTCCAG,2
AGGTATTTTG,2
AGGTCTCCAG,2
AGTGTTCCAG,2
AGTTGTCCAG,2
ATAGATTTTG,2
ATAGCTTTTG,2
ATAGGTTTTG,2
ATAGTTTTTG,2
ATCATTCCAG,2
ATCGTTCCAG,2
ATGAATTCCG,2
ATGAATTTCG,2
ATGACTTCCG,2
ATGAGTTCCG,2
ATGAGTTTCG,2
ATGATTTCCG,2
ATGATTTTCG,2
ATGCATTCCG,2
ATGCTGTTCG,2
ATGCTTCCCG,2
ATGTATTTTG,2
ATGTGTTTTG,2
ATTCCATTCG,2
ATTCCATTTG,2
ATTCCGCTCG,2
ATTTCCGACG,2
ATTTCCTACG,2
ATTTCCTGCG,2
CAAGCTTTTG,2
CAAGTTTTTG,2
CAGGTTCCAG,2
CCAGCTTTTG,2
CCAGTTTTTG,2
CCGGCTTTTG,2
CGACTTCCAG,2
CGAGCTTTTG,2
CGAGTTCCAG,2
CGAGTTTTTG,2
CGGGCTTTTG,2
CGGGTTCCAG,2
CGTGTTCCAG,2
CGTTGTCCAG,2
CTAGCTTTTG,2
CTAGTTTTTG,2
CTCTCCTACG,2
CTCTCCTGCG,2
CTGATTTTCG,2
CTGCATTCCG,2
CTGTTCCATG,2
GAGGCTTTTG,2
TAAGCTTTTG,2
TAAGTTTTTG,2
TACGTTCCAG,2
TACTGTCCAG,2
TAGAGTTCCG,2
TAGCATTCCG,2
TAGCGTTCCG,2
TAGGCTTTTG,2
TAGTTTTCCG,2
TATTTTGATG,2
TCGGCTTTTG,2
TGAATTCCAG,2
TGACTTCCAG,2
TGACTTTCCG,2
TGAGCTTTTG,2
TGAGTTCCAG,2
TGATCTCCAG,2
TGATTTCCAG,2
TGATTTTGAG,2
TGGCATTCCG,2
TGGGTTCCAG,2
TGTGTTCCAG,2
TGTTGTCCAG,2
TTAGCTTTTG,2
TTAGTTTTTG,2
TTATTTCCAG,2
TTCATTCCAG,2
TTCGTTCCAG,2
TTCTCTCCAG,2
TTCTGTCCAG,2
TTGAGTTCCG,2
TTGAGTTTCG,2
TTGATTTCCG,2
TTGATTTTCG,2
TTGGTTCCAG,2
TTTCCATTCG,2
TTTCCATTTG,2
TTTCCGCTCG,2
TTTGTTCCAG,2
AAGAGTTTCA,1
AAGATTTCCA,1
AGAAGTCCAA,1
AGAATTCCAA,1
AGACTTCCAA,1
AGACTTTCCA,1
AGAGGTCCAA,1
AGAGTTCCAA,1
AGATCTCCAA,1
AGATGTCCAA,1
AGATTTTGAA,1
AGGCATTCCA,1
AGGGTTCCAA,1
AGGTGTCCAA,1
AGTGTTCCAA,1
AGTTGTCCAA,1
ATAGCTTACA,1
ATCGTTCCAA,1
ATGAATTTCA,1
ATGACTTCCA,1
ATGAGTTCCA,1
ATGAGTTTCA,1
ATGATTTCCA,1
ATGATTTTCA,1
ATGCATTCCA,1
ATGCTGTTCA,1
ATTCCATTTA,1
ATTCCTCCAA,1
ATTGTTCCAA,1
ATTTCCTACA,1
ATTTCCTGCA,1
CCGCGTTCCA,1
CGACTTTCCA,1
CGAGTTCCAA,1
CGATTTTGAA,1
CGGATTCCAA,1
CGGCATTCCA,1
CGGCGTTCCA,1
CGGGTTCCAA,1
CGTGTTCCAA,1
CGTTATTTCA,1
CGTTGTCCAA,1
CGTTGTTTCA,1
CTAGCTTACA,1
CTCTCCGGCA,1
CTCTCCTGCA,1
CTGATTTTCA,1
CTGCATTCCA,1
CTGCATTTCA,1
CTGCGTTCCA,1
CTGCTGTCCA,1
GGGCTGTCCA,1
GTTCGTCCAA,1
GTTCGTTTCA,1
TACGTTCCAA,1
TACTGTCCAA,1
TACTTTCCAA,1
TAGAATTTCA,1
TAGACTTCCA,1
TAGAGTTCCA,1
TAGAGTTTCA,1
TAGATTCCAA,1
TAGATTTCCA,1
TAGCATTCCA,1
TAGGTTCCAA,1
TAGTATTTCA,1
TAGTGTTCCA,1
TAGTTGTCCA,1
TAGTTTGTCA,1
TAGTTTTCCA,1
TCGCTGTCCA,1
TCTCGTCCAA,1
TGAATTCCAA,1
TGACTTCCAA,1
TGACTTTCCA,1
TGAGTTCCAA,1
TGATGTCCAA,1
TGATTTCCAA,1
TGATTTTGAA,1
TGGATTCCAA,1
TGGCATTCCA,1
TGGCGTTCCA,1
TGGCTGTCCA,1
TGGGTTCCAA,1
TGGTATTTCA,1
TGGTGTCCAA,1
TGTGTTCCAA,1
TGTTGTCCAA,1
TTACTTCCAA,1
TTACTTTCCA,1
TTATTTCCAA,1
TTCATTCCAA,1
TTCGTTCCAA,1
TTCTGTCCAA,1
TTCTTTCCAA,1
TTGAATTCCA,1
TTGAATTTCA,1
TTGACTTCCA,1
TTGAGTTCCA,1
TTGAGTTTCA,1
TTGATTTCCA,1
TTGATTTTAA,1
TTGATTTTCA,1
TTGCATTCCA,1
TTGCGTTCCA,1
TTGCTGTCCA,1
TTGCTGTTCA,1
TTGGGTTCCA,1
TTGGTTTCCA,1
TTGTTCCATA,1
TTGTTGTCCA,1
TTGTTTCCAA,1
TTTCCATTTA,1
TTTGTTCCAA,1
